karl = Karl Berry <karl@freefriends.org>
wl = Werner Lemberg <wl@gnu.org>
preining = Norbert Preining <norbert@preining.info>
staw = Staszek Wawrykiewicz <staw@gust.org.pl>
roozbeh = Roozbeh Pournader <roozbeh@sharif.edu>
jonathan = Jonathan Kew <jfkthame@googlemail.com>
gctwnl = Gerben Wierda <Gerben.Wierda@rna.nl>
tkacvins = Tom Kacvinsky <tkacvins@math.ttu.edu>
rokicki = Tom Rokicki <rokicki@gmail.com>
reinhardk = Reinhard Kotucha <reinhard.kotucha@web.de>
pjacko = Boguslaw Jackowski <B_Jackowski@GUST.org.pl>
hhenkel = Hartmut Henkel <hartmut_henkel@gmx.de>
thoekwater = Taco Hoekwater <taco@elvenkind.com>
boris = Boris Veytsman <borisv@lk.net>
martin = Martin Schröder <martin@oneiros.de>
olaf = Olaf Weber <olaf@infovore.xs4all.nl>
tetex = Thomas Esser <unknown@unknown.unkown>
sanjoy = Sanjoy Mahajan <sanjoy@olin.edu>
vvv = Vladimir Volovich <vvv@vsu.ru>
manfred = Manfred Lotz <manfred@dante.de>
jjgod = Jjgod Jiang <gzjjgod@gmail.com>
jschrod = Joachim Schrod <jschrod@acm.org>
siepo = Siep Kroonenberg <siepo@cybercomm.nl>
peter = Peter Breitenlohner <peb@mppmu.mpg.de>
mpg = Manuel Pégourié-Gonnard <mpg@elzevir.fr>
areutenauer = Arthur Reutenauer <arthur.reutenauer@normalesup.org>
thanh = Han The Thanh <hanthethanh@gmail.com>
yuewang = Yue Wang <yuleopen@gmail.com>
mojca = Mojca Miklavec <mojca.miklavec@gmail.com>
cfrees = Dr. Clea F. Rees <cfrees@imapmail.org>
trzeciak = Piotr Strzelczyk <piotr@eps.gda.pl>
jlaurens = Jérôme Laurens <jerome.laurens@u-bourgogne.fr>
kakuto = Akira Kakuto <kakuto@jcom.zaq.ne.jp>
nikola = Nikola Lečić <nikola.lecic@anthesphoria.net>
ziegenhagen = Uwe Ziegenhagen <ziegenhagen@gmail.com>
kyanh = Anh K. Huynh <kyanh@viettug.org>
sojka = Petr Sojka <sojka@fi.muni.cz>
hosny = Khaled Hosny <khaledhosny@eglug.org>
takuji = Takuji Tanaka <ttk@t-lab.opal.ne.jp>
kbrown = Ken Brown <kbrow1i@gmail.com>
Sojka = Petr Sojka <sojka@fi.muni.cz>
dbitouze = Denis Bitouzé <dbitouze@wanadoo.fr>
zwagner = Zdeněk Wagner <zdenek.wagner@gmail.com>
lscarso = Luigi Scarso <luigi.scarso@gmail.com>
babafou = Marc Baudoin <babafou@babafou.eu.org>
pathe = Patrick Bideault <pathe@UNKNOWN>
hironobu = Hironobu Yamashita <h.y.acetaminophen@gmail.com>
ascherer = Andreas Scherer <andreas_tex@freenet.de>
mruckert = Martin Ruckert <martin.ruckert@hm.edu>
ymorimi = Yukimasa Morimi  <h20y6m@yahoo.co.jp>
mseven = Max Chernoff <mseven@telus.net>
